Workbook

Sheet Sheet1
A1: Full Name | B1: City | C1: Phone no: | D1: Left | E1: Right | F1: Middle | G1: Lower | H1: Upper | I1: Proper
A2: Akshay P | B2: Ernakulam | C2: 98542 | D2: =LEFT(Table1[[#This Row],[Full Name]],3) -> Aks | E2: =RIGHT(Table1[[#This Row],[Full Name]],3) -> y P | F2: =MID(Table1[[#This Row],[Full Name]],2,4) -> ksha | G2: =LOWER(Table1[[#This Row],[City]]) -> ernakulam | H2: =UPPER(Table1[[#This Row],[City]]) -> ERNAKULAM | I2: =PROPER(Table1[[#This Row],[City]]) -> Ernakulam
A3: Salpha M | B3: Kozhikode | C3: 87985 | D3: =LEFT(Table1[[#This Row],[Full Name]],3) -> Sal | E3: =RIGHT(Table1[[#This Row],[Full Name]],3) -> a M | F3: =MID(Table1[[#This Row],[Full Name]],2,4) -> alph | G3: =LOWER(Table1[[#This Row],[City]]) -> kozhikode | H3: =UPPER(Table1[[#This Row],[City]]) -> KOZHIKODE | I3: =PROPER(Table1[[#This Row],[City]]) -> Kozhikode
A4: Keerthy M | B4: Kollam | C4: 68511 | D4: =LEFT(Table1[[#This Row],[Full Name]],3) -> Kee | E4: =RIGHT(Table1[[#This Row],[Full Name]],3) -> y M | F4: =MID(Table1[[#This Row],[Full Name]],2,4) -> eert | G4: =LOWER(Table1[[#This Row],[City]]) -> kollam | H4: =UPPER(Table1[[#This Row],[City]]) -> KOLLAM | I4: =PROPER(Table1[[#This Row],[City]]) -> Kollam
A5: Rithu M | B5: Thrissur | C5: 85697 | D5: =LEFT(Table1[[#This Row],[Full Name]],3) -> Rit | E5: =RIGHT(Table1[[#This Row],[Full Name]],3) -> u M | F5: =MID(Table1[[#This Row],[Full Name]],2,4) -> ithu | G5: =LOWER(Table1[[#This Row],[City]]) -> thrissur | H5: =UPPER(Table1[[#This Row],[City]]) -> THRISSUR | I5: =PROPER(Table1[[#This Row],[City]]) -> Thrissur
A6: Sooraj S | B6: Trivandrum | C6: 94478 | D6: =LEFT(Table1[[#This Row],[Full Name]],3) -> Soo | E6: =RIGHT(Table1[[#This Row],[Full Name]],3) -> j S | F6: =MID(Table1[[#This Row],[Full Name]],2,4) -> oora | G6: =LOWER(Table1[[#This Row],[City]]) -> trivandrum | H6: =UPPER(Table1[[#This Row],[City]]) -> TRIVANDRUM | I6: =PROPER(Table1[[#This Row],[City]]) -> Trivandrum
A7: Gokul Nath | B7: Palakad | C7: 77486 | D7: =LEFT(Table1[[#This Row],[Full Name]],3) -> Gok | E7: =RIGHT(Table1[[#This Row],[Full Name]],3) -> ath | F7: =MID(Table1[[#This Row],[Full Name]],2,4) -> okul | G7: =LOWER(Table1[[#This Row],[City]]) -> palakad | H7: =UPPER(Table1[[#This Row],[City]]) -> PALAKAD | I7: =PROPER(Table1[[#This Row],[City]]) -> Palakad
A8: Afin joy | B8: Kollam | C8: 77448 | D8: =LEFT(Table1[[#This Row],[Full Name]],3) -> Afi | E8: =RIGHT(Table1[[#This Row],[Full Name]],3) -> joy | F8: =MID(Table1[[#This Row],[Full Name]],2,4) -> fin | G8: =LOWER(Table1[[#This Row],[City]]) -> kollam | H8: =UPPER(Table1[[#This Row],[City]]) -> KOLLAM | I8: =PROPER(Table1[[#This Row],[City]]) -> Kollam

Sheet Sheet2
A1: First Name | B1: Last Name | C1: City Code | D1: Phone No: | E1: User Name | F1: Password | G1: concat
A2: =LEFT(Sheet1!A2,FIND(" ",Sheet1!A2)-1) -> Akshay | B2: =RIGHT(Sheet1!A2,LEN(Sheet1!A2)-FIND(" ",Sheet1!A2)) -> P | C2: =MID(Sheet1!B2,1,3) -> Ern | D2: =Sheet1!C2 -> 98542 | E2: =A2&"_"&B2 -> Akshay_P | F2: =A2&RIGHT(D2,4) -> Akshay8542 | G2: =_xlfn.CONCAT(A2,RIGHT(D2,4)) -> Akshay8542
A3: =LEFT(Sheet1!A3,FIND(" ",Sheet1!A3)-1) -> Salpha | B3: =RIGHT(Sheet1!A3,LEN(Sheet1!A3)-FIND(" ",Sheet1!A3)) -> M | C3: =MID(Sheet1!B3,1,3) -> Koz | D3: =Sheet1!C3 -> 87985 | E3: =A3&"_"&B3 -> Salpha_M | F3: =A3&RIGHT(D3,4) -> Salpha7985 | G3: =_xlfn.CONCAT(A3,RIGHT(D3,4)) -> Salpha7985
A4: =LEFT(Sheet1!A4,FIND(" ",Sheet1!A4)-1) -> Keerthy | B4: =RIGHT(Sheet1!A4,LEN(Sheet1!A4)-FIND(" ",Sheet1!A4)) -> M | C4: =MID(Sheet1!B4,1,3) -> Kol | D4: =Sheet1!C4 -> 68511 | E4: =A4&"_"&B4 -> Keerthy_M | F4: =A4&RIGHT(D4,4) -> Keerthy8511 | G4: =_xlfn.CONCAT(A4,RIGHT(D4,4)) -> Keerthy8511
A5: =LEFT(Sheet1!A5,FIND(" ",Sheet1!A5)-1) -> Rithu | B5: =RIGHT(Sheet1!A5,LEN(Sheet1!A5)-FIND(" ",Sheet1!A5)) -> M | C5: =MID(Sheet1!B5,1,3) -> Thr | D5: =Sheet1!C5 -> 85697 | E5: =A5&"_"&B5 -> Rithu_M | F5: =A5&RIGHT(D5,4) -> Rithu5697 | G5: =_xlfn.CONCAT(A5,RIGHT(D5,4)) -> Rithu5697
A6: =LEFT(Sheet1!A6,FIND(" ",Sheet1!A6)-1) -> Sooraj | B6: =RIGHT(Sheet1!A6,LEN(Sheet1!A6)-FIND(" ",Sheet1!A6)) -> S | C6: =MID(Sheet1!B6,1,3) -> Tri | D6: =Sheet1!C6 -> 94478 | E6: =A6&"_"&B6 -> Sooraj_S | F6: =A6&RIGHT(D6,4) -> Sooraj4478 | G6: =_xlfn.CONCAT(A6,RIGHT(D6,4)) -> Sooraj4478

Sheet Sheet3
A1: First Name | B1: Last Name | C1: Phone no | D1: city code | E1: User Name | F1: Password
A2: Akshay | B2: P | C2: 98542 | D2: Ern | E2: Akshay_P | F2: Akshay8542
A3: Salpha | B3: M | C3: 87985 | D3: Koz | E3: Salpha_M | F3: Salpha7985
A4: Keerthy | B4: M | C4: 68511 | D4: Kol | E4: Keerthy_M | F4: Keerthy8511
A5: Rithu | B5: M | C5: 85697 | D5: Thr | E5: Rithu_M | F5: Rithu5697
A6: Sooraj | B6: S | C6: 94478 | D6: Tri | E6: Sooraj_S | F6: Sooraj4478
A7: Gokul | B7: Nath | C7: 77486 | D7: Pal | E7: Gokul_Nath | F7: Gokul7486
A8: Afin | B8: joy | C8: 77448 | D8: Kol | E8: Afin_joy | F8: Afin7448

Sheet Sheet4
